816c62b9-6ebc-43d6-a2d2-e8f307155b0d,2b35ac3d-de58-11ee-bfdb-d9a81969ba6d,t,t,f,1710018076,0
7b947e63-d9f1-4617-be39-5d944141fb0f,bc0d330f-de58-11ee-a191-d9a81969ba6d,t,t,t,1710018319,0
bb7c14e9-0916-4069-961e-f49281b8fbbd,fff93cda-df05-11ee-8d4a-d9a81969ba6d,t,f,t,1710092736,0
77f5f34d-249e-4988-8d1f-66e9e97dc619,f50ab9f3-dfce-11ee-a194-d9a81969ba6d,t,t,t,1710179046,0
d31c0590-de80-49a4-9b99-76766f92b0cc,d5e0af09-dfdf-11ee-9d15-d9a81969ba6d,t,f,t,1710186295,0
f2180366-994f-40f2-b3cc-aba1f7276105,807bcae5-e0d9-11ee-80a8-d9a81969ba6d,t,f,t,1710293526,0
d6da494f-08c1-487f-a4fc-f04c09bd0940,cb1e7e98-e0e4-11ee-bdb4-d9a81969ba6d,t,f,t,1710298376,0
2ac115ef-286c-4b21-82a1-836132b762d2,bbee68ec-e0ea-11ee-ae2e-d9a81969ba6d,t,f,t,1710300928,0
aa5a9bba-393c-4fff-99a6-bec8a67d0a5d,ebbfd64d-e112-11ee-9531-d9a81969ba6d,t,f,t,1710318188,0
98ad0442-e38b-4e71-9f95-fc7ea603e26b,1cb460b6-e114-11ee-add8-d9a81969ba6d,t,f,t,1710318699,0
672d6413-e76d-4b84-b04a-f454735cfd57,519ad0d2-e116-11ee-9710-d9a81969ba6d,t,f,t,1710319647,0
187ed735-0d46-4013-abe2-cdf7cf5179fe,8d33c976-e6de-11ee-89bb-d9a81969ba6d,t,f,t,1710955402,0
a51d9d1f-ca7b-4115-8b34-51557220b9fd,b2f0bd8e-e6de-11ee-8818-d9a81969ba6d,t,f,t,1710955465,0
e581b00b-db69-4773-a9ea-59aa996b4d22,57891bd5-e875-11ee-9dd0-d9a81969ba6d,t,f,t,1711130117,0
b6bb9b43-a9dc-4482-a12b-92ceef140e0d,2fa40ca0-ee86-11ee-a51b-28d0ea322e3a,t,f,t,1711797059,0
8be03662-986c-4db6-9c5a-edc3cb17e7e6,2ca4de67-ee99-11ee-ab24-28d0ea322e3a,t,f,t,1711805214,0
1ae85a8b-d35f-4473-a5d3-96d0c61f157d,15469d5b-f041-11ee-b1ab-28d0ea322e3a,t,f,t,1711987282,0
00cae4e5-64e3-4fe1-9d08-716e43448287,6e170f00-f964-11ee-8b85-28d0ea322e3a,t,t,t,1712992023,0
49c2c488-c063-4ef2-93f9-92a3c54711e2,eaa69115-f968-11ee-96a8-28d0ea322e3a,t,t,t,1712993950,0
